<?xml version="1.0" encoding="UTF-8"?><rss version="2.0"
	xmlns:content="http://purl.org/rss/1.0/modules/content/"
	xmlns:dc="http://purl.org/dc/elements/1.1/"
	xmlns:atom="http://www.w3.org/2005/Atom"
	xmlns:sy="http://purl.org/rss/1.0/modules/syndication/"
	
	>
<channel>
	<title>
	Comments on: Sample Page	</title>
	<atom:link href="http://100.25.29.101/sample-page/feed/?simply_static_page=22" rel="self" type="application/rss+xml" />
	<link>/</link>
	<description></description>
	<lastBuildDate>Sat, 27 Jan 2024 13:23:16 +0000</lastBuildDate>
	<sy:updatePeriod>
	hourly	</sy:updatePeriod>
	<sy:updateFrequency>
	1	</sy:updateFrequency>
	<generator>https://wordpress.org/?v=6.4.2</generator>
</channel>
</rss>
